
SELECT P.ID, P.NAME, P.FIRSTNAME, P.GENDER, P.BDATE,
	A.HDATE, A.SALARY,
	P.JCREATED, P.JMODIFIED, P.JTIME
FROM PERSONS P, TEACHERS A
WHERE P.ID = A.KPERSON;


INSERT INTO PERSONS (ID, NAME, FIRSTNAME, GENDER, BDATE, JCREATED, JMODIFIED, JTIME)
VALUES ('T0Te.0', 'Stuart', 'Mary', 1, '1984-05-16', '0.0', '0.0', Current_Timestamp);

INSERT INTO TEACHERS (KPERSON, HDATE, SALARY) VALUES ('T0Te.0', '2016-09-01', 12500);


INSERT INTO PERSONS (ID, NAME, FIRSTNAME, GENDER, BDATE, JCREATED, JMODIFIED, JTIME)
VALUES ('T0Te.1', 'Furter', 'Frank', 0, '1968-02-21', '0.0', '0.0', Current_Timestamp);

INSERT INTO TEACHERS (KPERSON, HDATE, SALARY) VALUES ('T0Te.1', '2016-09-01', 12000);


INSERT INTO PERSONS (ID, NAME, FIRSTNAME, GENDER, BDATE, JCREATED, JMODIFIED, JTIME)
VALUES ('T0Te.2', 'Marie', 'Curie', 1, '1989-11-02', '0.0', '0.0', Current_Timestamp);

INSERT INTO TEACHERS (KPERSON, HDATE, SALARY) VALUES ('T0Te.2', '2018-09-01', 10200);


INSERT INTO CLASSES (ID, NAME, KTEACHER, JCREATED, JMODIFIED, JTIME) VALUES ('T0Cl.0', 'Class 1', 'T0Te.0', '0.0', '0.0', Current_Timestamp);


INSERT INTO PERSONS (ID, NAME, FIRSTNAME, GENDER, BDATE, JCREATED, JMODIFIED, JTIME)
VALUES ('T0St.0', 'Ramirez', 'Sandra', 1, '1996-09-06', '0.0', '0.0', Current_Timestamp);

INSERT INTO STUDENTS (KPERSON, KCLASS, GRADE) VALUES ('T0St.0', 'T0Cl.0', 2);


INSERT INTO PERSONS (ID, NAME, FIRSTNAME, GENDER, BDATE, JCREATED, JMODIFIED, JTIME)
VALUES ('T0St.1', 'Hund', 'Magda', 1, '1996-11-23', '0.0', '0.0', Current_Timestamp);

INSERT INTO STUDENTS (KPERSON, KCLASS, GRADE) VALUES ('T0St.1', 'T0Cl.0', 2);


INSERT INTO PERSONS (ID, NAME, FIRSTNAME, GENDER, BDATE, JCREATED, JMODIFIED, JTIME)
VALUES ('T0St.2', 'Lahonen', 'Seppo', 0, '1996-10-04', '0.0', '0.0', Current_Timestamp);

INSERT INTO STUDENTS (KPERSON, KCLASS, GRADE) VALUES ('T0St.2', 'T0Cl.0', 2);


INSERT INTO COURSES (ID, HACTIVE, NAME, KTEACHER, JCREATED, JMODIFIED, JTIME)
VALUES ('T0Co.0', 1, 'Course 1', 'T0Te.0', '0.0', '0.0', Current_Timestamp);

INSERT INTO COURSES (ID, HACTIVE, NAME, KTEACHER, JCREATED, JMODIFIED, JTIME)
VALUES ('T0Co.1', 1, 'Course 2', 'T0Te.0', '0.0', '0.0', Current_Timestamp);

INSERT INTO COURSES (ID, HACTIVE, NAME, KTEACHER, JCREATED, JMODIFIED, JTIME)
VALUES ('T0Co.2', 1, 'Course 3', 'T0Te.1', '0.0', '0.0', Current_Timestamp);

INSERT INTO COURSES (ID, HACTIVE, NAME, KTEACHER, JCREATED, JMODIFIED, JTIME)
VALUES ('T0Co.3', 1, 'Course 4', 'T0Te.2', '0.0', '0.0', Current_Timestamp);


INSERT INTO COURSE_STUDENTS (KCOURSE, KSTUDENT) VALUES ('T0Co.0', 'T0St.0');
INSERT INTO COURSE_STUDENTS (KCOURSE, KSTUDENT) VALUES ('T0Co.0', 'T0St.1');
INSERT INTO COURSE_STUDENTS (KCOURSE, KSTUDENT) VALUES ('T0Co.0', 'T0St.2');

INSERT INTO COURSE_STUDENTS (KCOURSE, KSTUDENT) VALUES ('T0Co.1', 'T0St.0');
INSERT INTO COURSE_STUDENTS (KCOURSE, KSTUDENT) VALUES ('T0Co.1', 'T0St.2');

INSERT INTO COURSE_STUDENTS (KCOURSE, KSTUDENT) VALUES ('T0Co.2', 'T0St.0');
INSERT INTO COURSE_STUDENTS (KCOURSE, KSTUDENT) VALUES ('T0Co.2', 'T0St.1');



SELECT P.ID, P.NAME, P.FIRSTNAME, P.GENDER, P.BDATE,
	A.HDATE, A.SALARY,
	P.JCREATED, P.JMODIFIED, P.JTIME
FROM PERSONS P INNER JOIN TEACHERS A
ON P.ID = A.KPERSON;

SELECT P.ID, P.NAME, P.FIRSTNAME, P.GENDER, P.BDATE,
	A.HDATE, A.SALARY,
	S.KCLASS, S.GRADE,
	P.JCREATED, P.JMODIFIED, P.JTIME
FROM PERSONS P LEFT OUTER JOIN TEACHERS A ON P.ID = A.KPERSON
               LEFT OUTER JOIN STUDENTS S ON P.ID = S.KPERSON
WHERE FIRSTNAME LIKE '%a%';



SELECT P.ID, P.NAME, P.FIRSTNAME, P.GENDER, P.BDATE,
	S.GRADE, X.KCOURSE,
	P.JCREATED, P.JMODIFIED, P.JTIME
FROM PERSONS P 
INNER JOIN STUDENTS S ON P.ID = S.KPERSON
INNER JOIN COURSE_STUDENTS X ON X.KSTUDENT = P.ID
WHERE X.KCOURSE = 'T0Co.0';


SELECT P.ID, P.NAME, P.FIRSTNAME, P.GENDER, P.BDATE,
	S.GRADE,
	P.JCREATED, P.JMODIFIED, P.JTIME
FROM PERSONS P 
INNER JOIN STUDENTS S ON P.ID = S.KPERSON
INNER JOIN COURSE_STUDENTS X ON P.ID = X.KSTUDENT
WHERE X.KCOURSE = 'T0Co.0';


SELECT P.ID, P.NAME, P.FIRSTNAME, P.GENDER, P.BDATE,
	S.GRADE,
	P.JCREATED, P.JMODIFIED, P.JTIME
FROM PERSONS P 
INNER JOIN STUDENTS S ON P.ID = S.KPERSON
WHERE EXISTS (SELECT 1 FROM COURSE_STUDENTS X WHERE X.KCOURSE = 'T0Co.0' AND X.KSTUDENT = P.ID);


SELECT TOKEN, HACTIVE, HFLAGS, HRESERVED, USERNAME, DATA, KUSER, JSTART, JEND, JTIME FROM sand.CONTEXTES
UNION
SELECT TOKEN, HACTIVE, HFLAGS, HRESERVED, USERNAME, DATA, KUSER, JSTART, JEND, JTIME FROM sand.SESSIONS
